﻿<?xml version="1.0" encoding="utf-8"?>
<Products>
  <Product>
    <ProductId>1</ProductId>
    <ProductName>Haystack Code Generator for .NET</ProductName>
    <IntroductionDate>6/30/2010</IntroductionDate>
    <Price>599.99</Price>
    <IsDiscontinued>False</IsDiscontinued>
    <Cost>299.99</Cost>
  </Product>
  <Product>
    <ProductId>2</ProductId>
    <ProductName>Fundamentals of SQL Server 2008</ProductName>
    <IntroductionDate>4/3/2008</IntroductionDate>
    <Cost>10</Cost>
    <Price>19.95</Price>
    <IsDiscontinued>false</IsDiscontinued>
  </Product>
  <Product>
    <ProductId>3</ProductId>
    <ProductName>Architecting ASP.NET Applications eBook</ProductName>
    <IntroductionDate>2002-04-03T00:00:00-07:00</IntroductionDate>
    <Cost>10</Cost>
    <Price>19.95</Price>
    <IsDiscontinued>false</IsDiscontinued>
  </Product>
  <Product>
    <ProductId>4</ProductId>
    <ProductName>Introduction to N-Tier Architecture eBook</ProductName>
    <IntroductionDate>6/4/2002 12:00:00 AM</IntroductionDate>
    <Cost>10</Cost>
    <Price>19.95</Price>
    <IsDiscontinued>False</IsDiscontinued>
  </Product>
  <Product>
    <ProductId>5</ProductId>
    <ProductName>Security for ASP.NET Developers eBook</ProductName>
    <IntroductionDate>8/25/2002 2:00:00 AM</IntroductionDate>
    <Cost>10</Cost>
    <Price>19.95</Price>
    <IsDiscontinued>False</IsDiscontinued>
  </Product>
  <Product>
    <ProductId>6</ProductId>
    <ProductName>PDSA IT Manager's Toolkit</ProductName>
    <IntroductionDate>2002-03-03T00:00:00-08:00</IntroductionDate>
    <Cost>2000</Cost>
    <Price>4000</Price>
    <IsDiscontinued>false</IsDiscontinued>
  </Product>
  <Product>
    <ProductId>7</ProductId>
    <ProductName>VB.NET Fundamentals eBook</ProductName>
    <IntroductionDate>2004-05-27T00:00:00-07:00</IntroductionDate>
    <Cost>10</Cost>
    <Price>19.95</Price>
    <IsDiscontinued>false</IsDiscontinued>
  </Product>
  <Product>
    <ProductId>8</ProductId>
    <ProductName>Using SharePoint 2003</ProductName>
    <IntroductionDate>2005-05-02T00:00:00-07:00</IntroductionDate>
    <Cost>10</Cost>
    <Price>14.95</Price>
    <IsDiscontinued>false</IsDiscontinued>
  </Product>
  <Product>
    <ProductId>9</ProductId>
    <ProductName>Developing SharePoint Web Parts</ProductName>
    <IntroductionDate>2005-06-03T00:00:00-07:00</IntroductionDate>
    <Cost>10</Cost>
    <Price>19.95</Price>
    <IsDiscontinued>false</IsDiscontinued>
  </Product>
  <Product>
    <ProductId>10</ProductId>
    <ProductName>PDSA Web Authoring System</ProductName>
    <IntroductionDate>4/12/2003 2:00:00 AM</IntroductionDate>
    <Cost>2500</Cost>
    <Price>5000</Price>
    <IsDiscontinued>False</IsDiscontinued>
  </Product>
</Products>