<?xml version="1.0" standalone="yes"?>
<Products>
  <Product>
    <ProductId>1</ProductId>
    <ProductName>Architecting ASP.NET Applications eBook</ProductName>
    <Price>19.95</Price>
  </Product>
  <Product>
    <ProductId>2</ProductId>
    <ProductName>Fundamentals of N-Tier eBook</ProductName>
    <Price>19.95</Price>
  </Product>
  <Product>
    <ProductId>4</ProductId>
    <ProductName>VB.NET Fundamentals eBook</ProductName>
    <Price>19.95</Price>
  </Product>
  <Product>
    <ProductId>5</ProductId>
    <ProductName>Fundamentals of SQL Server 2008</ProductName>
    <Price>19.95</Price>
  </Product>
  <Product>
    <ProductId>3</ProductId>
    <ProductName>Security for ASP.NET Developers eBook</ProductName>
    <Price>19.95</Price>
  </Product>
</Products>